git_commit,package,language,type,n_translated,n_untranslated
4168b6fff27eafad68a4b134dba5c7d09e090fcb,base,da,C,498,1145
4168b6fff27eafad68a4b134dba5c7d09e090fcb,base,da,R,473,111
4168b6fff27eafad68a4b134dba5c7d09e090fcb,base,de,C,1511,132
4168b6fff27eafad68a4b134dba5c7d09e090fcb,base,de,R,518,66
4168b6fff27eafad68a4b134dba5c7d09e090fcb,base,en,C,2,1641
4168b6fff27eafad68a4b134dba5c7d09e090fcb,base,en,R,0,584
4168b6fff27eafad68a4b134dba5c7d09e090fcb,base,en_GB,C,4,1639
4168b6fff27eafad68a4b134dba5c7d09e090fcb,base,en_GB,R,0,584
4168b6fff27eafad68a4b134dba5c7d09e090fcb,base,es,C,1030,613
4168b6fff27eafad68a4b134dba5c7d09e090fcb,base,es,R,0,584
4168b6fff27eafad68a4b134dba5c7d09e090fcb,base,fa,C,4,1639
4168b6fff27eafad68a4b134dba5c7d09e090fcb,base,fa,R,2,582
4168b6fff27eafad68a4b134dba5c7d09e090fcb,base,fr,C,1608,35
4168b6fff27eafad68a4b134dba5c7d09e090fcb,base,fr,R,580,4
4168b6fff27eafad68a4b134dba5c7d09e090fcb,base,it,C,1608,35
4168b6fff27eafad68a4b134dba5c7d09e090fcb,base,it,R,581,3
4168b6fff27eafad68a4b134dba5c7d09e090fcb,base,ja,C,1424,219
4168b6fff27eafad68a4b134dba5c7d09e090fcb,base,ja,R,474,110
4168b6fff27eafad68a4b134dba5c7d09e090fcb,base,ko,C,1257,386
4168b6fff27eafad68a4b134dba5c7d09e090fcb,base,ko,R,398,186
4168b6fff27eafad68a4b134dba5c7d09e090fcb,base,lt,C,1588,55
4168b6fff27eafad68a4b134dba5c7d09e090fcb,base,lt,R,556,28
4168b6fff27eafad68a4b134dba5c7d09e090fcb,base,nn,C,1143,500
4168b6fff27eafad68a4b134dba5c7d09e090fcb,base,nn,R,367,217
4168b6fff27eafad68a4b134dba5c7d09e090fcb,base,pl,C,1512,131
4168b6fff27eafad68a4b134dba5c7d09e090fcb,base,pl,R,517,67
4168b6fff27eafad68a4b134dba5c7d09e090fcb,base,pt_BR,C,1154,489
4168b6fff27eafad68a4b134dba5c7d09e090fcb,base,pt_BR,R,294,290
4168b6fff27eafad68a4b134dba5c7d09e090fcb,base,ru,C,1590,53
4168b6fff27eafad68a4b134dba5c7d09e090fcb,base,ru,R,556,28
4168b6fff27eafad68a4b134dba5c7d09e090fcb,base,tr,C,1132,511
4168b6fff27eafad68a4b134dba5c7d09e090fcb,base,tr,R,0,584
4168b6fff27eafad68a4b134dba5c7d09e090fcb,base,zh_CN,C,1357,286
4168b6fff27eafad68a4b134dba5c7d09e090fcb,base,zh_CN,R,454,130
4168b6fff27eafad68a4b134dba5c7d09e090fcb,base,zh_TW,C,1510,133
4168b6fff27eafad68a4b134dba5c7d09e090fcb,base,zh_TW,R,517,67
4168b6fff27eafad68a4b134dba5c7d09e090fcb,compiler,da,C,0,0
4168b6fff27eafad68a4b134dba5c7d09e090fcb,compiler,da,R,30,9
4168b6fff27eafad68a4b134dba5c7d09e090fcb,compiler,de,C,0,0
4168b6fff27eafad68a4b134dba5c7d09e090fcb,compiler,de,R,39,0
4168b6fff27eafad68a4b134dba5c7d09e090fcb,compiler,en,C,0,0
4168b6fff27eafad68a4b134dba5c7d09e090fcb,compiler,en,R,0,39
4168b6fff27eafad68a4b134dba5c7d09e090fcb,compiler,en_GB,C,0,0
4168b6fff27eafad68a4b134dba5c7d09e090fcb,compiler,en_GB,R,0,39
4168b6fff27eafad68a4b134dba5c7d09e090fcb,compiler,es,C,0,0
4168b6fff27eafad68a4b134dba5c7d09e090fcb,compiler,es,R,0,39
4168b6fff27eafad68a4b134dba5c7d09e090fcb,compiler,fa,C,0,0
4168b6fff27eafad68a4b134dba5c7d09e090fcb,compiler,fa,R,0,39
4168b6fff27eafad68a4b134dba5c7d09e090fcb,compiler,fr,C,0,0
4168b6fff27eafad68a4b134dba5c7d09e090fcb,compiler,fr,R,39,0
4168b6fff27eafad68a4b134dba5c7d09e090fcb,compiler,it,C,0,0
4168b6fff27eafad68a4b134dba5c7d09e090fcb,compiler,it,R,39,0
4168b6fff27eafad68a4b134dba5c7d09e090fcb,compiler,ja,C,0,0
4168b6fff27eafad68a4b134dba5c7d09e090fcb,compiler,ja,R,32,7
4168b6fff27eafad68a4b134dba5c7d09e090fcb,compiler,ko,C,0,0
4168b6fff27eafad68a4b134dba5c7d09e090fcb,compiler,ko,R,17,22
4168b6fff27eafad68a4b134dba5c7d09e090fcb,compiler,lt,C,0,0
4168b6fff27eafad68a4b134dba5c7d09e090fcb,compiler,lt,R,39,0
4168b6fff27eafad68a4b134dba5c7d09e090fcb,compiler,nn,C,0,0
4168b6fff27eafad68a4b134dba5c7d09e090fcb,compiler,nn,R,0,39
4168b6fff27eafad68a4b134dba5c7d09e090fcb,compiler,pl,C,0,0
4168b6fff27eafad68a4b134dba5c7d09e090fcb,compiler,pl,R,39,0
4168b6fff27eafad68a4b134dba5c7d09e090fcb,compiler,pt_BR,C,0,0
4168b6fff27eafad68a4b134dba5c7d09e090fcb,compiler,pt_BR,R,30,9
4168b6fff27eafad68a4b134dba5c7d09e090fcb,compiler,ru,C,0,0
4168b6fff27eafad68a4b134dba5c7d09e090fcb,compiler,ru,R,39,0
4168b6fff27eafad68a4b134dba5c7d09e090fcb,compiler,tr,C,0,0
4168b6fff27eafad68a4b134dba5c7d09e090fcb,compiler,tr,R,0,39
4168b6fff27eafad68a4b134dba5c7d09e090fcb,compiler,zh_CN,C,0,0
4168b6fff27eafad68a4b134dba5c7d09e090fcb,compiler,zh_CN,R,31,8
4168b6fff27eafad68a4b134dba5c7d09e090fcb,compiler,zh_TW,C,0,0
4168b6fff27eafad68a4b134dba5c7d09e090fcb,compiler,zh_TW,R,39,0
4168b6fff27eafad68a4b134dba5c7d09e090fcb,grDevices,da,C,89,106
4168b6fff27eafad68a4b134dba5c7d09e090fcb,grDevices,da,R,96,47
4168b6fff27eafad68a4b134dba5c7d09e090fcb,grDevices,de,C,163,32
4168b6fff27eafad68a4b134dba5c7d09e090fcb,grDevices,de,R,126,17
4168b6fff27eafad68a4b134dba5c7d09e090fcb,grDevices,en,C,0,195
4168b6fff27eafad68a4b134dba5c7d09e090fcb,grDevices,en,R,0,143
4168b6fff27eafad68a4b134dba5c7d09e090fcb,grDevices,en_GB,C,9,186
4168b6fff27eafad68a4b134dba5c7d09e090fcb,grDevices,en_GB,R,1,142
4168b6fff27eafad68a4b134dba5c7d09e090fcb,grDevices,es,C,0,195
4168b6fff27eafad68a4b134dba5c7d09e090fcb,grDevices,es,R,0,143
4168b6fff27eafad68a4b134dba5c7d09e090fcb,grDevices,fa,C,0,195
4168b6fff27eafad68a4b134dba5c7d09e090fcb,grDevices,fa,R,0,143
4168b6fff27eafad68a4b134dba5c7d09e090fcb,grDevices,fr,C,166,29
4168b6fff27eafad68a4b134dba5c7d09e090fcb,grDevices,fr,R,142,1
4168b6fff27eafad68a4b134dba5c7d09e090fcb,grDevices,it,C,166,29
4168b6fff27eafad68a4b134dba5c7d09e090fcb,grDevices,it,R,142,1
4168b6fff27eafad68a4b134dba5c7d09e090fcb,grDevices,ja,C,159,36
4168b6fff27eafad68a4b134dba5c7d09e090fcb,grDevices,ja,R,122,21
4168b6fff27eafad68a4b134dba5c7d09e090fcb,grDevices,ko,C,150,45
4168b6fff27eafad68a4b134dba5c7d09e090fcb,grDevices,ko,R,114,29
4168b6fff27eafad68a4b134dba5c7d09e090fcb,grDevices,lt,C,166,29
4168b6fff27eafad68a4b134dba5c7d09e090fcb,grDevices,lt,R,136,7
4168b6fff27eafad68a4b134dba5c7d09e090fcb,grDevices,nn,C,0,195
4168b6fff27eafad68a4b134dba5c7d09e090fcb,grDevices,nn,R,0,143
4168b6fff27eafad68a4b134dba5c7d09e090fcb,grDevices,pl,C,163,32
4168b6fff27eafad68a4b134dba5c7d09e090fcb,grDevices,pl,R,126,17
4168b6fff27eafad68a4b134dba5c7d09e090fcb,grDevices,pt_BR,C,19,176
4168b6fff27eafad68a4b134dba5c7d09e090fcb,grDevices,pt_BR,R,90,53
4168b6fff27eafad68a4b134dba5c7d09e090fcb,grDevices,ru,C,166,29
4168b6fff27eafad68a4b134dba5c7d09e090fcb,grDevices,ru,R,136,7
4168b6fff27eafad68a4b134dba5c7d09e090fcb,grDevices,tr,C,0,195
4168b6fff27eafad68a4b134dba5c7d09e090fcb,grDevices,tr,R,0,143
4168b6fff27eafad68a4b134dba5c7d09e090fcb,grDevices,zh_CN,C,154,41
4168b6fff27eafad68a4b134dba5c7d09e090fcb,grDevices,zh_CN,R,115,28
4168b6fff27eafad68a4b134dba5c7d09e090fcb,grDevices,zh_TW,C,163,32
4168b6fff27eafad68a4b134dba5c7d09e090fcb,grDevices,zh_TW,R,126,17
4168b6fff27eafad68a4b134dba5c7d09e090fcb,graphics,da,C,3,127
4168b6fff27eafad68a4b134dba5c7d09e090fcb,graphics,da,R,11,144
4168b6fff27eafad68a4b134dba5c7d09e090fcb,graphics,de,C,125,5
4168b6fff27eafad68a4b134dba5c7d09e090fcb,graphics,de,R,148,7
4168b6fff27eafad68a4b134dba5c7d09e090fcb,graphics,en,C,0,130
4168b6fff27eafad68a4b134dba5c7d09e090fcb,graphics,en,R,0,155
4168b6fff27eafad68a4b134dba5c7d09e090fcb,graphics,en_GB,C,0,130
4168b6fff27eafad68a4b134dba5c7d09e090fcb,graphics,en_GB,R,0,155
4168b6fff27eafad68a4b134dba5c7d09e090fcb,graphics,es,C,97,33
4168b6fff27eafad68a4b134dba5c7d09e090fcb,graphics,es,R,0,155
4168b6fff27eafad68a4b134dba5c7d09e090fcb,graphics,fa,C,0,130
4168b6fff27eafad68a4b134dba5c7d09e090fcb,graphics,fa,R,0,155
4168b6fff27eafad68a4b134dba5c7d09e090fcb,graphics,fr,C,129,1
4168b6fff27eafad68a4b134dba5c7d09e090fcb,graphics,fr,R,155,0
4168b6fff27eafad68a4b134dba5c7d09e090fcb,graphics,it,C,129,1
4168b6fff27eafad68a4b134dba5c7d09e090fcb,graphics,it,R,155,0
4168b6fff27eafad68a4b134dba5c7d09e090fcb,graphics,ja,C,124,6
4168b6fff27eafad68a4b134dba5c7d09e090fcb,graphics,ja,R,144,11
4168b6fff27eafad68a4b134dba5c7d09e090fcb,graphics,ko,C,110,20
4168b6fff27eafad68a4b134dba5c7d09e090fcb,graphics,ko,R,133,22
4168b6fff27eafad68a4b134dba5c7d09e090fcb,graphics,lt,C,129,1
4168b6fff27eafad68a4b134dba5c7d09e090fcb,graphics,lt,R,152,3
4168b6fff27eafad68a4b134dba5c7d09e090fcb,graphics,nn,C,103,27
4168b6fff27eafad68a4b134dba5c7d09e090fcb,graphics,nn,R,0,155
4168b6fff27eafad68a4b134dba5c7d09e090fcb,graphics,pl,C,125,5
4168b6fff27eafad68a4b134dba5c7d09e090fcb,graphics,pl,R,148,7
4168b6fff27eafad68a4b134dba5c7d09e090fcb,graphics,pt_BR,C,103,27
4168b6fff27eafad68a4b134dba5c7d09e090fcb,graphics,pt_BR,R,116,39
4168b6fff27eafad68a4b134dba5c7d09e090fcb,graphics,ru,C,129,1
4168b6fff27eafad68a4b134dba5c7d09e090fcb,graphics,ru,R,152,3
4168b6fff27eafad68a4b134dba5c7d09e090fcb,graphics,tr,C,103,27
4168b6fff27eafad68a4b134dba5c7d09e090fcb,graphics,tr,R,0,155
4168b6fff27eafad68a4b134dba5c7d09e090fcb,graphics,zh_CN,C,122,8
4168b6fff27eafad68a4b134dba5c7d09e090fcb,graphics,zh_CN,R,139,16
4168b6fff27eafad68a4b134dba5c7d09e090fcb,graphics,zh_TW,C,125,5
4168b6fff27eafad68a4b134dba5c7d09e090fcb,graphics,zh_TW,R,148,7
4168b6fff27eafad68a4b134dba5c7d09e090fcb,grid,da,C,6,33
4168b6fff27eafad68a4b134dba5c7d09e090fcb,grid,da,R,8,167
4168b6fff27eafad68a4b134dba5c7d09e090fcb,grid,de,C,24,15
4168b6fff27eafad68a4b134dba5c7d09e090fcb,grid,de,R,149,26
4168b6fff27eafad68a4b134dba5c7d09e090fcb,grid,en,C,0,39
4168b6fff27eafad68a4b134dba5c7d09e090fcb,grid,en,R,0,175
4168b6fff27eafad68a4b134dba5c7d09e090fcb,grid,en_GB,C,0,39
4168b6fff27eafad68a4b134dba5c7d09e090fcb,grid,en_GB,R,0,175
4168b6fff27eafad68a4b134dba5c7d09e090fcb,grid,es,C,0,39
4168b6fff27eafad68a4b134dba5c7d09e090fcb,grid,es,R,0,175
4168b6fff27eafad68a4b134dba5c7d09e090fcb,grid,fa,C,0,39
4168b6fff27eafad68a4b134dba5c7d09e090fcb,grid,fa,R,0,175
4168b6fff27eafad68a4b134dba5c7d09e090fcb,grid,fr,C,36,3
4168b6fff27eafad68a4b134dba5c7d09e090fcb,grid,fr,R,161,14
4168b6fff27eafad68a4b134dba5c7d09e090fcb,grid,it,C,36,3
4168b6fff27eafad68a4b134dba5c7d09e090fcb,grid,it,R,161,14
4168b6fff27eafad68a4b134dba5c7d09e090fcb,grid,ja,C,24,15
4168b6fff27eafad68a4b134dba5c7d09e090fcb,grid,ja,R,148,27
4168b6fff27eafad68a4b134dba5c7d09e090fcb,grid,ko,C,23,16
4168b6fff27eafad68a4b134dba5c7d09e090fcb,grid,ko,R,126,49
4168b6fff27eafad68a4b134dba5c7d09e090fcb,grid,lt,C,36,3
4168b6fff27eafad68a4b134dba5c7d09e090fcb,grid,lt,R,161,14
4168b6fff27eafad68a4b134dba5c7d09e090fcb,grid,nn,C,0,39
4168b6fff27eafad68a4b134dba5c7d09e090fcb,grid,nn,R,0,175
4168b6fff27eafad68a4b134dba5c7d09e090fcb,grid,pl,C,24,15
4168b6fff27eafad68a4b134dba5c7d09e090fcb,grid,pl,R,149,26
4168b6fff27eafad68a4b134dba5c7d09e090fcb,grid,pt_BR,C,6,33
4168b6fff27eafad68a4b134dba5c7d09e090fcb,grid,pt_BR,R,40,135
4168b6fff27eafad68a4b134dba5c7d09e090fcb,grid,ru,C,36,3
4168b6fff27eafad68a4b134dba5c7d09e090fcb,grid,ru,R,161,14
4168b6fff27eafad68a4b134dba5c7d09e090fcb,grid,tr,C,0,39
4168b6fff27eafad68a4b134dba5c7d09e090fcb,grid,tr,R,0,175
4168b6fff27eafad68a4b134dba5c7d09e090fcb,grid,zh_CN,C,21,18
4168b6fff27eafad68a4b134dba5c7d09e090fcb,grid,zh_CN,R,139,36
4168b6fff27eafad68a4b134dba5c7d09e090fcb,grid,zh_TW,C,24,15
4168b6fff27eafad68a4b134dba5c7d09e090fcb,grid,zh_TW,R,149,26
4168b6fff27eafad68a4b134dba5c7d09e090fcb,methods,da,C,23,8
4168b6fff27eafad68a4b134dba5c7d09e090fcb,methods,da,R,5,402
4168b6fff27eafad68a4b134dba5c7d09e090fcb,methods,de,C,27,4
4168b6fff27eafad68a4b134dba5c7d09e090fcb,methods,de,R,394,13
4168b6fff27eafad68a4b134dba5c7d09e090fcb,methods,en,C,0,31
4168b6fff27eafad68a4b134dba5c7d09e090fcb,methods,en,R,0,407
4168b6fff27eafad68a4b134dba5c7d09e090fcb,methods,en_GB,C,0,31
4168b6fff27eafad68a4b134dba5c7d09e090fcb,methods,en_GB,R,0,407
4168b6fff27eafad68a4b134dba5c7d09e090fcb,methods,es,C,0,31
4168b6fff27eafad68a4b134dba5c7d09e090fcb,methods,es,R,0,407
4168b6fff27eafad68a4b134dba5c7d09e090fcb,methods,fa,C,0,31
4168b6fff27eafad68a4b134dba5c7d09e090fcb,methods,fa,R,0,407
4168b6fff27eafad68a4b134dba5c7d09e090fcb,methods,fr,C,31,0
4168b6fff27eafad68a4b134dba5c7d09e090fcb,methods,fr,R,407,0
4168b6fff27eafad68a4b134dba5c7d09e090fcb,methods,it,C,31,0
4168b6fff27eafad68a4b134dba5c7d09e090fcb,methods,it,R,407,0
4168b6fff27eafad68a4b134dba5c7d09e090fcb,methods,ja,C,27,4
4168b6fff27eafad68a4b134dba5c7d09e090fcb,methods,ja,R,381,26
4168b6fff27eafad68a4b134dba5c7d09e090fcb,methods,ko,C,27,4
4168b6fff27eafad68a4b134dba5c7d09e090fcb,methods,ko,R,293,114
4168b6fff27eafad68a4b134dba5c7d09e090fcb,methods,lt,C,17,14
4168b6fff27eafad68a4b134dba5c7d09e090fcb,methods,lt,R,402,5
4168b6fff27eafad68a4b134dba5c7d09e090fcb,methods,nn,C,0,31
4168b6fff27eafad68a4b134dba5c7d09e090fcb,methods,nn,R,0,407
4168b6fff27eafad68a4b134dba5c7d09e090fcb,methods,pl,C,27,4
4168b6fff27eafad68a4b134dba5c7d09e090fcb,methods,pl,R,394,13
4168b6fff27eafad68a4b134dba5c7d09e090fcb,methods,pt_BR,C,23,8
4168b6fff27eafad68a4b134dba5c7d09e090fcb,methods,pt_BR,R,30,377
4168b6fff27eafad68a4b134dba5c7d09e090fcb,methods,ru,C,31,0
4168b6fff27eafad68a4b134dba5c7d09e090fcb,methods,ru,R,402,5
4168b6fff27eafad68a4b134dba5c7d09e090fcb,methods,tr,C,0,31
4168b6fff27eafad68a4b134dba5c7d09e090fcb,methods,tr,R,0,407
4168b6fff27eafad68a4b134dba5c7d09e090fcb,methods,zh_CN,C,27,4
4168b6fff27eafad68a4b134dba5c7d09e090fcb,methods,zh_CN,R,370,37
4168b6fff27eafad68a4b134dba5c7d09e090fcb,methods,zh_TW,C,27,4
4168b6fff27eafad68a4b134dba5c7d09e090fcb,methods,zh_TW,R,394,13
4168b6fff27eafad68a4b134dba5c7d09e090fcb,parallel,da,C,12,11
4168b6fff27eafad68a4b134dba5c7d09e090fcb,parallel,da,R,22,16
4168b6fff27eafad68a4b134dba5c7d09e090fcb,parallel,de,C,23,0
4168b6fff27eafad68a4b134dba5c7d09e090fcb,parallel,de,R,32,6
4168b6fff27eafad68a4b134dba5c7d09e090fcb,parallel,en,C,0,23
4168b6fff27eafad68a4b134dba5c7d09e090fcb,parallel,en,R,0,38
4168b6fff27eafad68a4b134dba5c7d09e090fcb,parallel,en_GB,C,0,23
4168b6fff27eafad68a4b134dba5c7d09e090fcb,parallel,en_GB,R,0,38
4168b6fff27eafad68a4b134dba5c7d09e090fcb,parallel,es,C,0,23
4168b6fff27eafad68a4b134dba5c7d09e090fcb,parallel,es,R,0,38
4168b6fff27eafad68a4b134dba5c7d09e090fcb,parallel,fa,C,0,23
4168b6fff27eafad68a4b134dba5c7d09e090fcb,parallel,fa,R,0,38
4168b6fff27eafad68a4b134dba5c7d09e090fcb,parallel,fr,C,23,0
4168b6fff27eafad68a4b134dba5c7d09e090fcb,parallel,fr,R,38,0
4168b6fff27eafad68a4b134dba5c7d09e090fcb,parallel,it,C,23,0
4168b6fff27eafad68a4b134dba5c7d09e090fcb,parallel,it,R,38,0
4168b6fff27eafad68a4b134dba5c7d09e090fcb,parallel,ja,C,0,23
4168b6fff27eafad68a4b134dba5c7d09e090fcb,parallel,ja,R,0,38
4168b6fff27eafad68a4b134dba5c7d09e090fcb,parallel,ko,C,19,4
4168b6fff27eafad68a4b134dba5c7d09e090fcb,parallel,ko,R,28,10
4168b6fff27eafad68a4b134dba5c7d09e090fcb,parallel,lt,C,23,0
4168b6fff27eafad68a4b134dba5c7d09e090fcb,parallel,lt,R,38,0
4168b6fff27eafad68a4b134dba5c7d09e090fcb,parallel,nn,C,0,23
4168b6fff27eafad68a4b134dba5c7d09e090fcb,parallel,nn,R,0,38
4168b6fff27eafad68a4b134dba5c7d09e090fcb,parallel,pl,C,23,0
4168b6fff27eafad68a4b134dba5c7d09e090fcb,parallel,pl,R,32,6
4168b6fff27eafad68a4b134dba5c7d09e090fcb,parallel,pt_BR,C,0,23
4168b6fff27eafad68a4b134dba5c7d09e090fcb,parallel,pt_BR,R,0,38
4168b6fff27eafad68a4b134dba5c7d09e090fcb,parallel,ru,C,23,0
4168b6fff27eafad68a4b134dba5c7d09e090fcb,parallel,ru,R,38,0
4168b6fff27eafad68a4b134dba5c7d09e090fcb,parallel,tr,C,0,23
4168b6fff27eafad68a4b134dba5c7d09e090fcb,parallel,tr,R,0,38
4168b6fff27eafad68a4b134dba5c7d09e090fcb,parallel,zh_CN,C,18,5
4168b6fff27eafad68a4b134dba5c7d09e090fcb,parallel,zh_CN,R,27,11
4168b6fff27eafad68a4b134dba5c7d09e090fcb,parallel,zh_TW,C,23,0
4168b6fff27eafad68a4b134dba5c7d09e090fcb,parallel,zh_TW,R,32,6
4168b6fff27eafad68a4b134dba5c7d09e090fcb,splines,da,C,2,2
4168b6fff27eafad68a4b134dba5c7d09e090fcb,splines,da,R,16,8
4168b6fff27eafad68a4b134dba5c7d09e090fcb,splines,de,C,4,0
4168b6fff27eafad68a4b134dba5c7d09e090fcb,splines,de,R,24,0
4168b6fff27eafad68a4b134dba5c7d09e090fcb,splines,en,C,0,4
4168b6fff27eafad68a4b134dba5c7d09e090fcb,splines,en,R,0,24
4168b6fff27eafad68a4b134dba5c7d09e090fcb,splines,en_GB,C,0,4
4168b6fff27eafad68a4b134dba5c7d09e090fcb,splines,en_GB,R,0,24
4168b6fff27eafad68a4b134dba5c7d09e090fcb,splines,es,C,0,4
4168b6fff27eafad68a4b134dba5c7d09e090fcb,splines,es,R,0,24
4168b6fff27eafad68a4b134dba5c7d09e090fcb,splines,fa,C,0,4
4168b6fff27eafad68a4b134dba5c7d09e090fcb,splines,fa,R,0,24
4168b6fff27eafad68a4b134dba5c7d09e090fcb,splines,fr,C,4,0
4168b6fff27eafad68a4b134dba5c7d09e090fcb,splines,fr,R,24,0
4168b6fff27eafad68a4b134dba5c7d09e090fcb,splines,it,C,4,0
4168b6fff27eafad68a4b134dba5c7d09e090fcb,splines,it,R,24,0
4168b6fff27eafad68a4b134dba5c7d09e090fcb,splines,ja,C,2,2
4168b6fff27eafad68a4b134dba5c7d09e090fcb,splines,ja,R,20,4
4168b6fff27eafad68a4b134dba5c7d09e090fcb,splines,ko,C,4,0
4168b6fff27eafad68a4b134dba5c7d09e090fcb,splines,ko,R,21,3
4168b6fff27eafad68a4b134dba5c7d09e090fcb,splines,lt,C,4,0
4168b6fff27eafad68a4b134dba5c7d09e090fcb,splines,lt,R,24,0
4168b6fff27eafad68a4b134dba5c7d09e090fcb,splines,nn,C,0,4
4168b6fff27eafad68a4b134dba5c7d09e090fcb,splines,nn,R,0,24
4168b6fff27eafad68a4b134dba5c7d09e090fcb,splines,pl,C,4,0
4168b6fff27eafad68a4b134dba5c7d09e090fcb,splines,pl,R,24,0
4168b6fff27eafad68a4b134dba5c7d09e090fcb,splines,pt_BR,C,2,2
4168b6fff27eafad68a4b134dba5c7d09e090fcb,splines,pt_BR,R,16,8
4168b6fff27eafad68a4b134dba5c7d09e090fcb,splines,ru,C,4,0
4168b6fff27eafad68a4b134dba5c7d09e090fcb,splines,ru,R,24,0
4168b6fff27eafad68a4b134dba5c7d09e090fcb,splines,tr,C,0,4
4168b6fff27eafad68a4b134dba5c7d09e090fcb,splines,tr,R,0,24
4168b6fff27eafad68a4b134dba5c7d09e090fcb,splines,zh_CN,C,2,2
4168b6fff27eafad68a4b134dba5c7d09e090fcb,splines,zh_CN,R,20,4
4168b6fff27eafad68a4b134dba5c7d09e090fcb,splines,zh_TW,C,4,0
4168b6fff27eafad68a4b134dba5c7d09e090fcb,splines,zh_TW,R,24,0
4168b6fff27eafad68a4b134dba5c7d09e090fcb,stats,da,C,60,150
4168b6fff27eafad68a4b134dba5c7d09e090fcb,stats,da,R,42,753
4168b6fff27eafad68a4b134dba5c7d09e090fcb,stats,de,C,195,15
4168b6fff27eafad68a4b134dba5c7d09e090fcb,stats,de,R,766,29
4168b6fff27eafad68a4b134dba5c7d09e090fcb,stats,en,C,0,210
4168b6fff27eafad68a4b134dba5c7d09e090fcb,stats,en,R,0,795
4168b6fff27eafad68a4b134dba5c7d09e090fcb,stats,en_GB,C,0,210
4168b6fff27eafad68a4b134dba5c7d09e090fcb,stats,en_GB,R,0,795
4168b6fff27eafad68a4b134dba5c7d09e090fcb,stats,es,C,0,210
4168b6fff27eafad68a4b134dba5c7d09e090fcb,stats,es,R,0,795
4168b6fff27eafad68a4b134dba5c7d09e090fcb,stats,fa,C,0,210
4168b6fff27eafad68a4b134dba5c7d09e090fcb,stats,fa,R,0,795
4168b6fff27eafad68a4b134dba5c7d09e090fcb,stats,fr,C,210,0
4168b6fff27eafad68a4b134dba5c7d09e090fcb,stats,fr,R,794,1
4168b6fff27eafad68a4b134dba5c7d09e090fcb,stats,it,C,210,0
4168b6fff27eafad68a4b134dba5c7d09e090fcb,stats,it,R,795,0
4168b6fff27eafad68a4b134dba5c7d09e090fcb,stats,ja,C,186,24
4168b6fff27eafad68a4b134dba5c7d09e090fcb,stats,ja,R,741,54
4168b6fff27eafad68a4b134dba5c7d09e090fcb,stats,ko,C,171,39
4168b6fff27eafad68a4b134dba5c7d09e090fcb,stats,ko,R,613,182
4168b6fff27eafad68a4b134dba5c7d09e090fcb,stats,lt,C,209,1
4168b6fff27eafad68a4b134dba5c7d09e090fcb,stats,lt,R,790,5
4168b6fff27eafad68a4b134dba5c7d09e090fcb,stats,nn,C,0,210
4168b6fff27eafad68a4b134dba5c7d09e090fcb,stats,nn,R,0,795
4168b6fff27eafad68a4b134dba5c7d09e090fcb,stats,pl,C,195,15
4168b6fff27eafad68a4b134dba5c7d09e090fcb,stats,pl,R,766,29
4168b6fff27eafad68a4b134dba5c7d09e090fcb,stats,pt_BR,C,166,44
4168b6fff27eafad68a4b134dba5c7d09e090fcb,stats,pt_BR,R,439,356
4168b6fff27eafad68a4b134dba5c7d09e090fcb,stats,ru,C,209,1
4168b6fff27eafad68a4b134dba5c7d09e090fcb,stats,ru,R,790,5
4168b6fff27eafad68a4b134dba5c7d09e090fcb,stats,tr,C,0,210
4168b6fff27eafad68a4b134dba5c7d09e090fcb,stats,tr,R,342,453
4168b6fff27eafad68a4b134dba5c7d09e090fcb,stats,zh_CN,C,177,33
4168b6fff27eafad68a4b134dba5c7d09e090fcb,stats,zh_CN,R,716,79
4168b6fff27eafad68a4b134dba5c7d09e090fcb,stats,zh_TW,C,195,15
4168b6fff27eafad68a4b134dba5c7d09e090fcb,stats,zh_TW,R,766,29
4168b6fff27eafad68a4b134dba5c7d09e090fcb,stats4,da,C,0,0
4168b6fff27eafad68a4b134dba5c7d09e090fcb,stats4,da,R,4,5
4168b6fff27eafad68a4b134dba5c7d09e090fcb,stats4,de,C,0,0
4168b6fff27eafad68a4b134dba5c7d09e090fcb,stats4,de,R,4,5
4168b6fff27eafad68a4b134dba5c7d09e090fcb,stats4,en,C,0,0
4168b6fff27eafad68a4b134dba5c7d09e090fcb,stats4,en,R,0,9
4168b6fff27eafad68a4b134dba5c7d09e090fcb,stats4,en_GB,C,0,0
4168b6fff27eafad68a4b134dba5c7d09e090fcb,stats4,en_GB,R,0,9
4168b6fff27eafad68a4b134dba5c7d09e090fcb,stats4,es,C,0,0
4168b6fff27eafad68a4b134dba5c7d09e090fcb,stats4,es,R,0,9
4168b6fff27eafad68a4b134dba5c7d09e090fcb,stats4,fa,C,0,0
4168b6fff27eafad68a4b134dba5c7d09e090fcb,stats4,fa,R,0,9
4168b6fff27eafad68a4b134dba5c7d09e090fcb,stats4,fr,C,0,0
4168b6fff27eafad68a4b134dba5c7d09e090fcb,stats4,fr,R,9,0
4168b6fff27eafad68a4b134dba5c7d09e090fcb,stats4,it,C,0,0
4168b6fff27eafad68a4b134dba5c7d09e090fcb,stats4,it,R,9,0
4168b6fff27eafad68a4b134dba5c7d09e090fcb,stats4,ja,C,0,0
4168b6fff27eafad68a4b134dba5c7d09e090fcb,stats4,ja,R,4,5
4168b6fff27eafad68a4b134dba5c7d09e090fcb,stats4,ko,C,0,0
4168b6fff27eafad68a4b134dba5c7d09e090fcb,stats4,ko,R,4,5
4168b6fff27eafad68a4b134dba5c7d09e090fcb,stats4,lt,C,0,0
4168b6fff27eafad68a4b134dba5c7d09e090fcb,stats4,lt,R,9,0
4168b6fff27eafad68a4b134dba5c7d09e090fcb,stats4,nn,C,0,0
4168b6fff27eafad68a4b134dba5c7d09e090fcb,stats4,nn,R,0,9
4168b6fff27eafad68a4b134dba5c7d09e090fcb,stats4,pl,C,0,0
4168b6fff27eafad68a4b134dba5c7d09e090fcb,stats4,pl,R,4,5
4168b6fff27eafad68a4b134dba5c7d09e090fcb,stats4,pt_BR,C,0,0
4168b6fff27eafad68a4b134dba5c7d09e090fcb,stats4,pt_BR,R,4,5
4168b6fff27eafad68a4b134dba5c7d09e090fcb,stats4,ru,C,0,0
4168b6fff27eafad68a4b134dba5c7d09e090fcb,stats4,ru,R,9,0
4168b6fff27eafad68a4b134dba5c7d09e090fcb,stats4,tr,C,0,0
4168b6fff27eafad68a4b134dba5c7d09e090fcb,stats4,tr,R,4,5
4168b6fff27eafad68a4b134dba5c7d09e090fcb,stats4,zh_CN,C,0,0
4168b6fff27eafad68a4b134dba5c7d09e090fcb,stats4,zh_CN,R,4,5
4168b6fff27eafad68a4b134dba5c7d09e090fcb,stats4,zh_TW,C,0,0
4168b6fff27eafad68a4b134dba5c7d09e090fcb,stats4,zh_TW,R,4,5
4168b6fff27eafad68a4b134dba5c7d09e090fcb,tcltk,da,C,10,1
4168b6fff27eafad68a4b134dba5c7d09e090fcb,tcltk,da,R,29,2
4168b6fff27eafad68a4b134dba5c7d09e090fcb,tcltk,de,C,10,1
4168b6fff27eafad68a4b134dba5c7d09e090fcb,tcltk,de,R,30,1
4168b6fff27eafad68a4b134dba5c7d09e090fcb,tcltk,en,C,0,11
4168b6fff27eafad68a4b134dba5c7d09e090fcb,tcltk,en,R,0,31
4168b6fff27eafad68a4b134dba5c7d09e090fcb,tcltk,en_GB,C,0,11
4168b6fff27eafad68a4b134dba5c7d09e090fcb,tcltk,en_GB,R,0,31
4168b6fff27eafad68a4b134dba5c7d09e090fcb,tcltk,es,C,0,11
4168b6fff27eafad68a4b134dba5c7d09e090fcb,tcltk,es,R,0,31
4168b6fff27eafad68a4b134dba5c7d09e090fcb,tcltk,fa,C,0,11
4168b6fff27eafad68a4b134dba5c7d09e090fcb,tcltk,fa,R,0,31
4168b6fff27eafad68a4b134dba5c7d09e090fcb,tcltk,fr,C,11,0
4168b6fff27eafad68a4b134dba5c7d09e090fcb,tcltk,fr,R,30,1
4168b6fff27eafad68a4b134dba5c7d09e090fcb,tcltk,it,C,11,0
4168b6fff27eafad68a4b134dba5c7d09e090fcb,tcltk,it,R,30,1
4168b6fff27eafad68a4b134dba5c7d09e090fcb,tcltk,ja,C,10,1
4168b6fff27eafad68a4b134dba5c7d09e090fcb,tcltk,ja,R,30,1
4168b6fff27eafad68a4b134dba5c7d09e090fcb,tcltk,ko,C,10,1
4168b6fff27eafad68a4b134dba5c7d09e090fcb,tcltk,ko,R,30,1
4168b6fff27eafad68a4b134dba5c7d09e090fcb,tcltk,lt,C,11,0
4168b6fff27eafad68a4b134dba5c7d09e090fcb,tcltk,lt,R,30,1
4168b6fff27eafad68a4b134dba5c7d09e090fcb,tcltk,nn,C,0,11
4168b6fff27eafad68a4b134dba5c7d09e090fcb,tcltk,nn,R,0,31
4168b6fff27eafad68a4b134dba5c7d09e090fcb,tcltk,pl,C,10,1
4168b6fff27eafad68a4b134dba5c7d09e090fcb,tcltk,pl,R,30,1
4168b6fff27eafad68a4b134dba5c7d09e090fcb,tcltk,pt_BR,C,10,1
4168b6fff27eafad68a4b134dba5c7d09e090fcb,tcltk,pt_BR,R,29,2
4168b6fff27eafad68a4b134dba5c7d09e090fcb,tcltk,ru,C,11,0
4168b6fff27eafad68a4b134dba5c7d09e090fcb,tcltk,ru,R,30,1
4168b6fff27eafad68a4b134dba5c7d09e090fcb,tcltk,tr,C,0,11
4168b6fff27eafad68a4b134dba5c7d09e090fcb,tcltk,tr,R,0,31
4168b6fff27eafad68a4b134dba5c7d09e090fcb,tcltk,zh_CN,C,10,1
4168b6fff27eafad68a4b134dba5c7d09e090fcb,tcltk,zh_CN,R,30,1
4168b6fff27eafad68a4b134dba5c7d09e090fcb,tcltk,zh_TW,C,10,1
4168b6fff27eafad68a4b134dba5c7d09e090fcb,tcltk,zh_TW,R,30,1
4168b6fff27eafad68a4b134dba5c7d09e090fcb,tools,da,C,7,31
4168b6fff27eafad68a4b134dba5c7d09e090fcb,tools,da,R,56,368
4168b6fff27eafad68a4b134dba5c7d09e090fcb,tools,de,C,33,5
4168b6fff27eafad68a4b134dba5c7d09e090fcb,tools,de,R,367,57
4168b6fff27eafad68a4b134dba5c7d09e090fcb,tools,en,C,0,38
4168b6fff27eafad68a4b134dba5c7d09e090fcb,tools,en,R,0,424
4168b6fff27eafad68a4b134dba5c7d09e090fcb,tools,en_GB,C,0,38
4168b6fff27eafad68a4b134dba5c7d09e090fcb,tools,en_GB,R,0,424
4168b6fff27eafad68a4b134dba5c7d09e090fcb,tools,es,C,0,38
4168b6fff27eafad68a4b134dba5c7d09e090fcb,tools,es,R,0,424
4168b6fff27eafad68a4b134dba5c7d09e090fcb,tools,fa,C,0,38
4168b6fff27eafad68a4b134dba5c7d09e090fcb,tools,fa,R,0,424
4168b6fff27eafad68a4b134dba5c7d09e090fcb,tools,fr,C,37,1
4168b6fff27eafad68a4b134dba5c7d09e090fcb,tools,fr,R,424,0
4168b6fff27eafad68a4b134dba5c7d09e090fcb,tools,it,C,37,1
4168b6fff27eafad68a4b134dba5c7d09e090fcb,tools,it,R,424,0
4168b6fff27eafad68a4b134dba5c7d09e090fcb,tools,ja,C,33,5
4168b6fff27eafad68a4b134dba5c7d09e090fcb,tools,ja,R,342,82
4168b6fff27eafad68a4b134dba5c7d09e090fcb,tools,ko,C,31,7
4168b6fff27eafad68a4b134dba5c7d09e090fcb,tools,ko,R,306,118
4168b6fff27eafad68a4b134dba5c7d09e090fcb,tools,lt,C,37,1
4168b6fff27eafad68a4b134dba5c7d09e090fcb,tools,lt,R,422,2
4168b6fff27eafad68a4b134dba5c7d09e090fcb,tools,nn,C,0,38
4168b6fff27eafad68a4b134dba5c7d09e090fcb,tools,nn,R,0,424
4168b6fff27eafad68a4b134dba5c7d09e090fcb,tools,pl,C,33,5
4168b6fff27eafad68a4b134dba5c7d09e090fcb,tools,pl,R,366,58
4168b6fff27eafad68a4b134dba5c7d09e090fcb,tools,pt_BR,C,5,33
4168b6fff27eafad68a4b134dba5c7d09e090fcb,tools,pt_BR,R,18,406
4168b6fff27eafad68a4b134dba5c7d09e090fcb,tools,ru,C,37,1
4168b6fff27eafad68a4b134dba5c7d09e090fcb,tools,ru,R,422,2
4168b6fff27eafad68a4b134dba5c7d09e090fcb,tools,tr,C,0,38
4168b6fff27eafad68a4b134dba5c7d09e090fcb,tools,tr,R,3,421
4168b6fff27eafad68a4b134dba5c7d09e090fcb,tools,zh_CN,C,33,5
4168b6fff27eafad68a4b134dba5c7d09e090fcb,tools,zh_CN,R,270,154
4168b6fff27eafad68a4b134dba5c7d09e090fcb,tools,zh_TW,C,33,5
4168b6fff27eafad68a4b134dba5c7d09e090fcb,tools,zh_TW,R,366,58
4168b6fff27eafad68a4b134dba5c7d09e090fcb,utils,da,C,0,60
4168b6fff27eafad68a4b134dba5c7d09e090fcb,utils,da,R,42,372
4168b6fff27eafad68a4b134dba5c7d09e090fcb,utils,de,C,54,6
4168b6fff27eafad68a4b134dba5c7d09e090fcb,utils,de,R,371,43
4168b6fff27eafad68a4b134dba5c7d09e090fcb,utils,en,C,0,60
4168b6fff27eafad68a4b134dba5c7d09e090fcb,utils,en,R,0,414
4168b6fff27eafad68a4b134dba5c7d09e090fcb,utils,en_GB,C,0,60
4168b6fff27eafad68a4b134dba5c7d09e090fcb,utils,en_GB,R,0,414
4168b6fff27eafad68a4b134dba5c7d09e090fcb,utils,es,C,0,60
4168b6fff27eafad68a4b134dba5c7d09e090fcb,utils,es,R,0,414
4168b6fff27eafad68a4b134dba5c7d09e090fcb,utils,fa,C,0,60
4168b6fff27eafad68a4b134dba5c7d09e090fcb,utils,fa,R,7,407
4168b6fff27eafad68a4b134dba5c7d09e090fcb,utils,fr,C,57,3
4168b6fff27eafad68a4b134dba5c7d09e090fcb,utils,fr,R,411,3
4168b6fff27eafad68a4b134dba5c7d09e090fcb,utils,it,C,60,0
4168b6fff27eafad68a4b134dba5c7d09e090fcb,utils,it,R,411,3
4168b6fff27eafad68a4b134dba5c7d09e090fcb,utils,ja,C,0,60
4168b6fff27eafad68a4b134dba5c7d09e090fcb,utils,ja,R,342,72
4168b6fff27eafad68a4b134dba5c7d09e090fcb,utils,ko,C,49,11
4168b6fff27eafad68a4b134dba5c7d09e090fcb,utils,ko,R,319,95
4168b6fff27eafad68a4b134dba5c7d09e090fcb,utils,lt,C,57,3
4168b6fff27eafad68a4b134dba5c7d09e090fcb,utils,lt,R,407,7
4168b6fff27eafad68a4b134dba5c7d09e090fcb,utils,nn,C,0,60
4168b6fff27eafad68a4b134dba5c7d09e090fcb,utils,nn,R,0,414
4168b6fff27eafad68a4b134dba5c7d09e090fcb,utils,pl,C,54,6
4168b6fff27eafad68a4b134dba5c7d09e090fcb,utils,pl,R,371,43
4168b6fff27eafad68a4b134dba5c7d09e090fcb,utils,pt_BR,C,0,60
4168b6fff27eafad68a4b134dba5c7d09e090fcb,utils,pt_BR,R,6,408
4168b6fff27eafad68a4b134dba5c7d09e090fcb,utils,ru,C,57,3
4168b6fff27eafad68a4b134dba5c7d09e090fcb,utils,ru,R,407,7
4168b6fff27eafad68a4b134dba5c7d09e090fcb,utils,tr,C,0,60
4168b6fff27eafad68a4b134dba5c7d09e090fcb,utils,tr,R,8,406
4168b6fff27eafad68a4b134dba5c7d09e090fcb,utils,zh_CN,C,0,60
4168b6fff27eafad68a4b134dba5c7d09e090fcb,utils,zh_CN,R,320,94
4168b6fff27eafad68a4b134dba5c7d09e090fcb,utils,zh_TW,C,54,6
4168b6fff27eafad68a4b134dba5c7d09e090fcb,utils,zh_TW,R,371,43
